<?xml version="1.0" encoding="UTF-8"?>
<project-private xmlns="http://www.netbeans.org/ns/project-private/1">
    <editor-bookmarks xmlns="http://www.netbeans.org/ns/editor-bookmarks/2" lastBookmarkId="0"/>
    <open-files xmlns="http://www.netbeans.org/ns/projectui-open-files/2">
        <group>
            <file>file:/D:/UNI%202018-2019/PROP/PROP.6.2-patimiamol/PROP-FINAL/src/capaDominio/controladorDominio.java</file>
            <file>file:/D:/UNI%202018-2019/PROP/PROP.6.2-patimiamol/PROP-FINAL/src/capaDatos/Aula.java</file>
            <file>file:/D:/UNI%202018-2019/PROP/PROP.6.2-patimiamol/PROP-FINAL/src/capaDatos/GestionDatos.java</file>
            <file>file:/D:/UNI%202018-2019/PROP/PROP.6.2-patimiamol/PROP-FINAL/src/capaDominio/CjtAsignaciones.java</file>
            <file>file:/D:/UNI%202018-2019/PROP/PROP.6.2-patimiamol/PROP-FINAL/src/capaDatos/Asignatura.java</file>
            <file>file:/D:/UNI%202018-2019/PROP/PROP.6.2-patimiamol/PROP-FINAL/src/capaDatos/Materia.java</file>
            <file>file:/D:/UNI%202018-2019/PROP/PROP.6.2-patimiamol/PROP-FINAL/src/generadorhorario/GeneradorHorario.java</file>
        </group>
    </open-files>
</project-private>
